#token | count
. ; 589
: ; 486
, ; 415
в ; 355
и ; 205
- ; 156
( ; 137
) ; 137
г ; 134
В ; 100
на ; 85
к ; 74
гг ; 66
это ; 62
России ; 57
СССР ; 56
с ; 54
« ; 52
» ; 52
И ; 50
М ; 48
войны ; 45
А ; 41
С ; 36
году ; 36
о ; 34
ответ ; 34
Н ; 33
был ; 33
неверный ; 33
относятся ; 31
руководства ; 31
х ; 31
I ; 30
" ; 28
не ; 28
укажите ; 27
по ; 26
периоду ; 25
страной ; 25
власти ; 24
из ; 23
К ; 22
от ; 21
II ; 20
государства ; 20
Л ; 19
годы ; 19
за ; 19
была ; 18
было ; 18
– ; 18
Отечественной ; 17
период ; 17
П ; 16
века ; 16
истории ; 16
после ; 16
развития ; 16
создание ; 16
1917 ; 15
Великой ; 15
РФ ; 15
войск ; 15
для ; 15
мировой ; 15
культуры ; 14
правления ; 14
является ; 14
были ; 13
е ; 13
начале ; 13
против ; 13
что ; 13
III ; 12
Александра ; 12
во ; 12
войне ; 12
год ; 12
жизни ; 12
политики ; 12
права ; 12
революции ; 12
русские ; 12
советских ; 12
стало ; 12
1905 ; 11
1930 ; 11
Укажите ; 11
а ; 11
как ; 11
политического ; 11
политической ; 11
системы ; 11
советской ; 11
страны ; 11
XIX ; 10
Ф ; 10
война ; 10
войну ; 10
деятели ; 10
который ; 10
крестьян ; 10
результате ; 10
1920 ; 9
Г ; 9
Д ; 9
КПСС ; 9
Российской ; 9
месяц ; 9
мира ; 9
октября ; 9
относится ; 9
периода ; 9
правительство ; 9
русской ; 9
собственности ; 9
стран ; 9
характеризуется ; 9
17 ; 8
1950 ; 8
1991 ; 8
1993 ; 8
Б ; 8
Для ; 8
Конституции ; 8
Россия ; 8
Сталина ; 8
Суть ; 8
ХХ ; 8
Хрущевым ; 8
Ю ; 8
всех ; 8
года ; 8
крепостного ; 8
между ; 8
развитие ; 8
реформы ; 8
русских ; 8
указать ; 8
экономики ; 8
“ ; 8
” ; 8
1907 ; 7
1992 ; 7
Армии ; 7
Германии ; 7
Горбачевым ; 7
Е ; 7
Николая ; 7
Первой ; 7
Руси ; 7
Сущность ; 7
б ; 7
большевики ; 7
вв ; 7
введение ; 7
власть ; 7
годов ; 7
государственной ; 7
действий ; 7
до ; 7
исторических ; 7
их ; 7
конце ; 7
личности ; 7
людей ; 7
называется ; 7
начала ; 7
начало ; 7
основе ; 7
партия ; 7
переход ; 7
под ; 7
политических ; 7
при ; 7
произошло ; 7
реформ ; 7
состав ; 7
съезде ; 7
управления ; 7
ходе ; 7
цель ; 7
1918 ; 6
1940 ; 6
XVIII ; 6
Временное ; 6
Германией ; 6
Государственной ; 6
Европе ; 6
Период ; 6
По ; 6
Принцип ; 6
Союз ; 6
Функция ; 6
ЦК ; 6
армии ; 6
действия ; 6
договора ; 6
земель ; 6
империи ; 6
конца ; 6
концу ; 6
новой ; 6
общества ; 6
партии ; 6
первые ; 6
политические ; 6
поражения ; 6
произошла ; 6
произошли ; 6
процессов ; 6
со ; 6
событий ; 6
характерно ; 6
хозяйств ; 6
цивилизации ; 6
экономической ; 6
являются ; 6
1861 ; 5
1939 ; 5
30 ; 5
ВКП ; 5
Даты ; 5
Древнерусского ; 5
Иван ; 5
Киевской ; 5
Красной ; 5
Ленин ; 5
НЭПа ; 5
На ; 5
Не ; 5
Первый ; 5
Петр ; 5
США ; 5
Советской ; 5
Сталиным ; 5
Франция ; 5
Японии ; 5
битва ; 5
борьба ; 5
внешней ; 5
государственного ; 5
гражданской ; 5
деревне ; 5
династии ; 5
его ; 5
задачей ; 5
индустриализации ; 5
коммунизма ; 5
кризиса ; 5
мире ; 5
название ; 5
наиболее ; 5
науки ; 5
началась ; 5
об ; 5
общины ; 5
план ; 5
правительства ; 5
проекта ; 5
производства ; 5
произошел ; 5
промышленности ; 5
связано ; 5
собой ; 5
социально ; 5
стал ; 5
стала ; 5
территории ; 5
царствованию ; 5
экономического ; 5
1 ; 4
1812 ; 4
1881 ; 4
1936 ; 4
1941 ; 4
1942 ; 4
1945 ; 4
1956 ; 4
1960 ; 4
1985 ; 4
1994 ; 4
2 ; 4
70 ; 4
Афганистан ; 4
Брежневым ; 4
Варшавского ; 4
Восточной ; 4
Генерального ; 4
Германия ; 4
Договор ; 4
Екатерины ; 4
Золотой ; 4
Какое ; 4
Конституция ; 4
Московского ; 4
Начало ; 4
Первая ; 4
Петра ; 4
Подход ; 4
Советская ; 4
Сталин ; 4
Троцкий ; 4
Федерации ; 4
Это ; 4
большевиками ; 4
большевиков ; 4
борьбы ; 4
ввел ; 4
военно ; 4
военных ; 4
время ; 4
выборов ; 4
выдающиеся ; 4
демократизации ; 4
день ; 4
других ; 4
ее ; 4
заключалась ; 4
землю ; 4
идеологии ; 4
иностранных ; 4
итогом ; 4
князья ; 4
которого ; 4
крестьянской ; 4
культа ; 4
культурной ; 4
лозунгом ; 4
международной ; 4
международных ; 4
монархии ; 4
народа ; 4
народов ; 4
ненападении ; 4
нового ; 4
орган ; 4
отмене ; 4
отмены ; 4
отношений ; 4
первой ; 4
поддержка ; 4
политика ; 4
получил ; 4
потому ; 4
превращение ; 4
предполагала ; 4
престола ; 4
процесс ; 4
ракет ; 4
роли ; 4
российского ; 4
самодержавия ; 4
свободы ; 4
связаны ; 4
секретаря ; 4
сентября ; 4
сил ; 4
следующем ; 4
смерти ; 4
событие ; 4
советские ; 4
странами ; 4
стране ; 4
строй ; 4
уровня ; 4
фамилию ; 4
царствования ; 4
целью ; 4
церкви ; 4
частной ; 4
члены ; 4
экономических ; 4
1649 ; 3
1890 ; 3
1914 ; 3
1946 ; 3
1957 ; 3
1961 ; 3
1990 ; 3
2000 ; 3
50 ; 3
80 ; 3
IV ; 3
XVII ; 3
XX ; 3
Александр ; 3
Англия ; 3
Белоруссии ; 3
Верховного ; 3
Во ; 3
Временного ; 3
Второй ; 3
Годы ; 3
Государственный ; 3
Гражданской ; 3
Ельцин ; 3
Ивана ; 3
Курс ; 3
Лениным ; 3
Метод ; 3
Москве ; 3
Назовите ; 3
Наиболее ; 3
Николай ; 3
Новая ; 3
Ольга ; 3
Основным ; 3
Отмена ; 3
Первым ; 3
После ; 3
При ; 3
Причиной ; 3
РСФСР ; 3
Романовых ; 3
Россией ; 3
Россию ; 3
Смутного ; 3
Совет ; 3
Советского ; 3
Создание ; 3
Сперанского ; 3
Учредительного ; 3
Эта ; 3
Японией ; 3
аграрной ; 3
безопасности ; 3
великие ; 3
вече ; 3
властей ; 3
внутренние ; 3
восстания ; 3
времени ; 3
все ; 3
второй ; 3
входили ; 3
выступили ; 3
государств ; 3
государственный ; 3
граждан ; 3
гражданскую ; 3
дани ; 3
движение ; 3
движения ; 3
двух ; 3
декабре ; 3
декабря ; 3
дела ; 3
десятилетия ; 3
деятеля ; 3
заключается ; 3
законодательной ; 3
занявшего ; 3
запрет ; 3
идея ; 3
изучающая ; 3
интересы ; 3
историческая ; 3
исторической ; 3
кадетов ; 3
каким ; 3
капитала ; 3
княжества ; 3
князь ; 3
когда ; 3
комплектования ; 3
конфискацию ; 3
которая ; 3
кризис ; 3
курс ; 3
литературы ; 3
лозунг ; 3
методов ; 3
мировая ; 3
монархия ; 3
над ; 3
называлось ; 3
населения ; 3
образование ; 3
оно ; 3
органами ; 3
органов ; 3
оружия ; 3
освобождение ; 3
основные ; 3
оттепель ; 3
пакта ; 3
партий ; 3
партийно ; 3
первого ; 3
переворот ; 3
переворота ; 3
переселение ; 3
плана ; 3
победного ; 3
победы ; 3
повинность ; 3
подразумевает ; 3
политическое ; 3
половине ; 3
попытка ; 3
пост ; 3
правительством ; 3
право ; 3
предлагал ; 3
предполагавшая ; 3
предприятий ; 3
представлял ; 3
преобразования ; 3
приватизации ; 3
принята ; 3
принятия ; 3
проведение ; 3
продразверстки ; 3
промышленных ; 3
процессы ; 3
развитии ; 3
раздробленности ; 3
реформа ; 3
роль ; 3
рост ; 3
рубеже ; 3
руководители ; 3
рыночной ; 3
сельском ; 3
сер ; 3
система ; 3
следующими ; 3
собрания ; 3
создан ; 3
социализма ; 3
социалистической ; 3
сторон ; 3
существования ; 3
торговли ; 3
удалось ; 3
укрепление ; 3
усиление ; 3
участие ; 3
ученые ; 3
феодальной ; 3
характерны ; 3
хозяйства ; 3
хозяйстве ; 3
хозяйство ; 3
царя ; 3
целей ; 3
часть ; 3
чертами ; 3
чертой ; 3
ядерных ; 3
! ; 2
12 ; 2
18 ; 2
1801 ; 2
1825 ; 2
1853 ; 2
1855 ; 2
1864 ; 2
1880 ; 2
1894 ; 2
1928 ; 2
1935 ; 2
1943 ; 2
1944 ; 2
1953 ; 2
1962 ; 2
1964 ; 2
1968 ; 2
1977 ; 2
1980 ; 2
1986 ; 2
1996 ; 2
20 ; 2
23 ; 2
3 ; 2
40 ; 2
60 ; 2
7 ; 2
90 ; 2
; ; 2
X ; 2
XV ; 2
XVI ; 2
Австро ; 2
Александре ; 2
Александрович ; 2
Александром ; 2
Алексея ; 2
Антанте ; 2
Баженов ; 2
Берия ; 2
Брежнева ; 2
Брестского ; 2
Бухарин ; 2
Василий ; 2
Великобритания ; 2
Витте ; 2
Владимир ; 2
Военно ; 2
Вопрос ; 2
Ворошилов ; 2
Востоке ; 2
Вся ; 2
Вторая ; 2
Выдвижение ; 2
Гагарина ; 2
Гайдара ; 2
Германию ; 2
Герцен ; 2
Главная ; 2
Главной ; 2
Главный ; 2
Главным ; 2
Горбачев ; 2
Государственная ; 2
Государственную ; 2
Гражданская ; 2
Грозного ; 2
Дальнем ; 2
Даниил ; 2
Декрет ; 2
Дума ; 2
Европы ; 2
Ельциным ; 2
Завершение ; 2
Западная ; 2
Западной ; 2
Земли ; 2
Историческая ; 2
Италия ; 2
Итогом ; 2
Калита ; 2
Калке ; 2
Каменев ; 2
Киевскую ; 2
Кирова ; 2
Ключевая ; 2
Контрреформы ; 2
Королев ; 2
Кризис ; 2
Крымской ; 2
Кубе ; 2
Курчатов ; 2
Манифест ; 2
Михаил ; 2
Михайловича ; 2
Молотов ; 2
Москвы ; 2
Новгорода ; 2
Обороны ; 2
Образование ; 2
Одним ; 2
Одной ; 2
Олег ; 2
Организации ; 2
Орды ; 2
Основная ; 2
Основной ; 2
Первые ; 2
Петре ; 2
Победа ; 2
Поводом ; 2
Политика ; 2
Политическая ; 2
Положение ; 2
Понятие ; 2
Послевоенное ; 2
Превратить ; 2
Президентом ; 2
Принципы ; 2
Причинами ; 2
Провести ; 2
Программа ; 2
Проект ; 2
Промышленный ; 2
Процесс ; 2
Пруссии ; 2
Путиным ; 2
Рахманинов ; 2
Республика ; 2
Русская ; 2
Рюриковичей ; 2
СНГ ; 2
ССР ; 2
Сахаров ; 2
Сельское ; 2
Следствием ; 2
Соборное ; 2
События ; 2
Совета ; 2
Советам ; 2
Советах ; 2
Советов ; 2
Советско ; 2
Социально ; 2
Сталинградская ; 2
Т ; 2
У ; 2
Убийство ; 2
Украины ; 2
Учредительное ; 2
Февральской ; 2
Францией ; 2
Франции ; 2
ХIV ; 2
ХVI ; 2
ХХII ; 2
Хрущева ; 2
Цель ; 2
Черненко ; 2
Чехословакию ; 2
Чечне ; 2
Экономическая ; 2
Экономическое ; 2
августа ; 2
альтернативных ; 2
армию ; 2
атомной ; 2
базы ; 2
без ; 2
белого ; 2
битвы ; 2
боевых ; 2
большевикам ; 2
большевистской ; 2
борьбе ; 2
введена ; 2
введения ; 2
ввод ; 2
ведения ; 2
взаимной ; 2
влияние ; 2
влияния ; 2
вмешательство ; 2
внутри ; 2
военного ; 2
военной ; 2
военные ; 2
военный ; 2
возвышения ; 2
возглавил ; 2
возникновения ; 2
возникшая ; 2
войска ; 2
волны ; 2
вооруженное ; 2
вооруженному ; 2
вопроса ; 2
вопросы ; 2
впервые ; 2
всего ; 2
входит ; 2
выступал ; 2
выступали ; 2
выступил ; 2
выступлений ; 2
выступления ; 2
высылку ; 2
выхода ; 2
главе ; 2
годах ; 2
государственности ; 2
государство ; 2
двоевластие ; 2
декабристов ; 2
держав ; 2
дефолт ; 2
деятельности ; 2
деятельность ; 2
диктатуры ; 2
дисциплина ; 2
договор ; 2
думе ; 2
думы ; 2
духовной ; 2
зависимости ; 2
зажиточных ; 2
заключение ; 2
заключению ; 2
законов ; 2
законодательную ; 2
законодательства ; 2
закономерностей ; 2
закономерности ; 2
законы ; 2
запретил ; 2
запуск ; 2
застоя ; 2
земельные ; 2
землей ; 2
земских ; 2
значительно ; 2
избран ; 2
изучению ; 2
изучения ; 2
имеющих ; 2
императоры ; 2
империалистическую ; 2
имущества ; 2
интеллигенции ; 2
исполнительной ; 2
исторические ; 2
историческим ; 2
исторического ; 2
июня ; 2
кадеты ; 2
капитализма ; 2
карибский ; 2
классовой ; 2
княжеств ; 2
коллективного ; 2
коллективной ; 2
комитет ; 2
конец ; 2
конкуренции ; 2
конституционного ; 2
концепции ; 2
коренного ; 2
корпуса ; 2
космос ; 2
которое ; 2
которой ; 2
которую ; 2
которыми ; 2
крепостное ; 2
крестьяне ; 2
крестьянская ; 2
крестьянских ; 2
культурно ; 2
лась ; 2
лежит ; 2
ликвидация ; 2
ликвидировать ; 2
ло ; 2
логический ; 2
лось ; 2
марта ; 2
международного ; 2
менталитет ; 2
мер ; 2
мероприятие ; 2
местного ; 2
мирное ; 2
мировую ; 2
миру ; 2
мобилизации ; 2
молниеносной ; 2
монголо ; 2
мышления ; 2
мятежа ; 2
накануне ; 2
направленные ; 2
народность ; 2
народных ; 2
начались ; 2
началу ; 2
начать ; 2
независимость ; 2
немецкого ; 2
необходимо ; 2
ни ; 2
образования ; 2
общественного ; 2
объективности ; 2
обязанность ; 2
ограничили ; 2
окружение ; 2
организаторы ; 2
организации ; 2
основ ; 2
основа ; 2
основных ; 2
отечественной ; 2
отмена ; 2
отмену ; 2
отнести ; 2
отношении ; 2
отношениях ; 2
официально ; 2
первичных ; 2
первых ; 2
переговоров ; 2
перелома ; 2
перехода ; 2
писатели ; 2
планы ; 2
повысить ; 2
подавление ; 2
подавлении ; 2
подготовки ; 2
подписал ; 2
подписали ; 2
подписан ; 2
подъем ; 2
позволяющая ; 2
позицию ; 2
политику ; 2
политическая ; 2
политическому ; 2
политическую ; 2
полководцы ; 2
полномочий ; 2
положения ; 2
помещичьих ; 2
помощи ; 2
попытки ; 2
поражение ; 2
послужило ; 2
построение ; 2
прав ; 2
правах ; 2
правда ; 2
правильный ; 2
правильным ; 2
представительных ; 2
представительства ; 2
представляла ; 2
представляло ; 2
предусматривал ; 2
президенты ; 2
преобразований ; 2
признание ; 2
призывали ; 2
принадлежала ; 2
принцип ; 2
принципу ; 2
принят ; 2
принятие ; 2
принято ; 2
природы ; 2
причинами ; 2
проблема ; 2
проблемы ; 2
провозгласило ; 2
продналогом ; 2
продукции ; 2
производительных ; 2
производство ; 2
промышленного ; 2
промышленность ; 2
противостоящих ; 2
процессе ; 2
пятилетний ; 2
рабочих ; 2
развитию ; 2
разгром ; 2
разгрома ; 2
разделение ; 2
разделения ; 2
разрядки ; 2
рассматривающий ; 2
революцией ; 2
революционного ; 2
революционный ; 2
революцию ; 2
результат ; 2
реке ; 2
рекрутская ; 2
репрессий ; 2
республике ; 2
ресурсов ; 2
решение ; 2
руководство ; 2
руководством ; 2
русского ; 2
самодержавие ; 2
самостоятельности ; 2
сбор ; 2
сбора ; 2
свержению ; 2
свободной ; 2
своему ; 2
середине ; 2
силу ; 2
силы ; 2
систем ; 2
систему ; 2
ситуация ; 2
следующей ; 2
следующий ; 2
сложилась ; 2
собрание ; 2
событиями ; 2
советского ; 2
советское ; 2
создании ; 2
созданию ; 2
созданный ; 2
сословного ; 2
социальные ; 2
специалистов ; 2
специалисты ; 2
способствовали ; 2
столкновения ; 2
сторонников ; 2
странах ; 2
страну ; 2
структуры ; 2
съезд ; 2
таким ; 2
татарами ; 2
тем ; 2
терапия ; 2
территорию ; 2
то ; 2
товаров ; 2
только ; 2
требующий ; 2
труда ; 2
указанных ; 2
уничтожение ; 2
усиления ; 2
ускоренной ; 2
устройства ; 2
устройство ; 2
устройству ; 2
федерации ; 2
фермерских ; 2
финансового ; 2
формационный ; 2
форме ; 2
формированием ; 2
ханство ; 2
характерной ; 2
христианства ; 2
цари ; 2
цен ; 2
централизации ; 2
церковью ; 2
цивилизаций ; 2
цивилизационный ; 2
части ; 2
частью ; 2
через ; 2
чехословацкого ; 2
экономике ; 2
экономическая ; 2
экспорта ; 2
эсеров ; 2
этапа ; 2
этапы ; 2
явилось ; 2
являлось ; 2
ядерного ; 2
06 ; 1
10 ; 1
11 ; 1
1223 ; 1
1240 ; 1
1380 ; 1
1480 ; 1
1497 ; 1
15 ; 1
1581 ; 1
1597 ; 1
1613 ; 1
1667 ; 1
1671 ; 1
1682 ; 1
1712 ; 1
1721 ; 1
1725 ; 1
1762 ; 1
1767 ; 1
1803 ; 1
1810 ; 1
1848 ; 1
1863 ; 1
1874 ; 1
1877 ; 1
1878 ; 1
1884 ; 1
1887 ; 1
1889 ; 1
1892 ; 1
1897 ; 1
19 ; 1
1915 ; 1
1916 ; 1
1921 ; 1
1922 ; 1
1924 ; 1
1925 ; 1
1927 ; 1
1934 ; 1
1937 ; 1
1938 ; 1
1947 ; 1
1948 ; 1
1949 ; 1
1955 ; 1
1965 ; 1
1970 ; 1
1975 ; 1
1979 ; 1
1995 ; 1
1998 ; 1
1999 ; 1
2001 ; 1
2003 ; 1
22 ; 1
25 ; 1
27 ; 1
4 ; 1
41 ; 1
42 ; 1
43 ; 1
5 ; 1
500 ; 1
56 ; 1
6 ; 1
64 ; 1
71 ; 1
8 ; 1
82 ; 1
9 ; 1
91 ; 1
922 ; 1
96 ; 1
988 ; 1
99 ; 1
? ; 1
IX ; 1
VI ; 1
XII ; 1
Абсолютная ; 1
Абхазия ; 1
Австрией ; 1
Автором ; 1
Азии ; 1
Аланских ; 1
Александру ; 1
Алексей ; 1
Алма ; 1
Альтернатива ; 1
Англией ; 1
Англии ; 1
Андропов ; 1
Андропова ; 1
Андроповым ; 1
Антанты ; 1
Апраксин ; 1
Апрельских ; 1
Аскольда ; 1
Астафьев ; 1
Ате ; 1
Афганистана ; 1
Ахматова ; 1
БССР ; 1
Багратион ; 1
Бакунин ; 1
Барклай ; 1
Барма ; 1
Белинский ; 1
Беловежские ; 1
Белоруссия ; 1
Берлине ; 1
Битва ; 1
Блок ; 1
Большевизация ; 1
Большевики ; 1
Борис ; 1
Борьба ; 1
Брежнев ; 1
Брест ; 1
Брестской ; 1
Брестскому ; 1
Брюллов ; 1
Буденный ; 1
Будущее ; 1
Булгарии ; 1
Бунин ; 1
Бунташным ; 1
Бутлеров ; 1
Быстро ; 1
Важнейшей ; 1
Важнейшими ; 1
Важной ; 1
Важные ; 1
Вариант ; 1
Василевский ; 1
Васнецов ; 1
Ватикана ; 1
Ваучер ; 1
Вацетис ; 1
Введенная ; 1
Ввод ; 1
Великое ; 1
Величества ; 1
Венгерский ; 1
Венгрии ; 1
Венгрия ; 1
Версальской ; 1
Верховный ; 1
Верховным ; 1
Вести ; 1
Взаимопомощи ; 1
Власть ; 1
Внутриполитическое ; 1
Военного ; 1
Военные ; 1
Волжской ; 1
Волков ; 1
Вооруженного ; 1
Вооруженное ; 1
Воробьевых ; 1
Восстание ; 1
Восточно ; 1
Восточные ; 1
Восточных ; 1
Врангель ; 1
Временному ; 1
Временным ; 1
Все ; 1
Всеобщая ; 1
Вспомогательная ; 1
Вступление ; 1
Выделите ; 1
Высшее ; 1
Высший ; 1
Выявление ; 1
Гагарин ; 1
Генуэзской ; 1
Гитлера ; 1
Главное ; 1
Главнокомандования ; 1
Главнокомандующим ; 1
Главную ; 1
Главные ; 1
Гоголь ; 1
Годунов ; 1
Горбачева ; 1
Горбачёва ; 1
Городское ; 1
Горький ; 1
Государств ; 1
Государственном ; 1
Государство ; 1
Готовясь ; 1
Грек ; 1
Гучков ; 1
Данилевский ; 1
Датой ; 1
Два ; 1
Демократический ; 1
Деникин ; 1
Деспотичная ; 1
Дира ; 1
Дмитрий ; 1
Договора ; 1
Доктрина ; 1
Долгорукий ; 1
Долгорукого ; 1
Донской ; 1
Достоевский ; 1
Древляне ; 1
Древнерусское ; 1
Дуалистический ; 1
Думе ; 1
Думой ; 1
Думу ; 1
Думы ; 1
Духовная ; 1
Его ; 1
Екатерина ; 1
Есенин ; 1
Жданов ; 1
Желябов ; 1
Жуков ; 1
Жуковский ; 1
ЗСФСР ; 1
Заключение ; 1
Законодательный ; 1
Замена ; 1
Запад ; 1
Запада ; 1
Западных ; 1
Заповедные ; 1
Заточник ; 1
Захват ; 1
Защищать ; 1
Заявление ; 1
Звезда ; 1
Земельное ; 1
Земская ; 1
Земский ; 1
Зиновьев ; 1
Знаменитая ; 1
Знаменитое ; 1
Зощенко ; 1
Зюганов ; 1
Иване ; 1
Игорь ; 1
Игоря ; 1
Идейное ; 1
Из ; 1
Изменения ; 1
Ильюшин ; 1
Императорского ; 1
Инициатором ; 1
Интервенцией ; 1
Иоффе ; 1
Ислам ; 1
Италии ; 1
Итоги ; 1
КПРФ ; 1
Кавказ ; 1
Каганат ; 1
Каганович ; 1
Казаков ; 1
Какие ; 1
Какой ; 1
Капитуляция ; 1
Капица ; 1
Карамзин ; 1
Карибского ; 1
Катастрофа ; 1
Керенский ; 1
Киевские ; 1
Киевский ; 1
Киевских ; 1
Киевского ; 1
Китая ; 1
Клятву ; 1
Князь ; 1
Колчак ; 1
Командно ; 1
Комитет ; 1
Комитета ; 1
Комитете ; 1
Конкретные ; 1
Корнилов ; 1
Корниловский ; 1
Корниловского ; 1
Корсаков ; 1
Крестьянская ; 1
Крестьянского ; 1
Крестьянскую ; 1
Кронштадского ; 1
Кронштадское ; 1
Крупнейшее ; 1
Крымское ; 1
Куликовская ; 1
Культ ; 1
Культурная ; 1
Курская ; 1
Курской ; 1
Кутузов ; 1
Кухаркиных ; 1
Лавров ; 1
Латвии ; 1
Ленинград ; 1
Ленинграда ; 1
Лермонтов ; 1
Лефорт ; 1
Лжедмитрия ; 1
Либеральное ; 1
Лигу ; 1
Ликвидация ; 1
Литвы ; 1
Литовске ; 1
Лозунг ; 1
Ломоносов ; 1
Луна ; 1
Луначарский ; 1
Луны ; 1
Маленков ; 1
Манифеста ; 1
Манифестом ; 1
Манифесту ; 1
Маяковский ; 1
Менделеев ; 1
Меншиков ; 1
Милюков ; 1
Минском ; 1
Мирный ; 1
Мировой ; 1
Михайлов ; 1
Михайлович ; 1
Модель ; 1
Модернизация ; 1
Молотова ; 1
Мономах ; 1
Морозов ; 1
Москвой ; 1
Москву ; 1
Московские ; 1
Московский ; 1
Мудрый ; 1
Муравьева ; 1
Мюнхенский ; 1
НЕ ; 1
НЭПом ; 1
НЭПу ; 1
Наибольшего ; 1
Накануне ; 1
Наличие ; 1
Наполеона ; 1
Народовольцы ; 1
Наука ; 1
Научно ; 1
Начатая ; 1
Невского ; 1
Независимых ; 1
Некоторая ; 1
Нельзя ; 1
Немецкий ; 1
Необходимость ; 1
Несовместимым ; 1
Нестор ; 1
Ни ; 1
Никакой ; 1
Николае ; 1
Николаем ; 1
Новгородской ; 1
Новгородскую ; 1
Новосильцева ; 1
Новым ; 1
О ; 1
ООН ; 1
Оборона ; 1
Объединяло ; 1
Огарев ; 1
Одна ; 1
Окончательное ; 1
Октябрьская ; 1
Октябрьской ; 1
Олимпиады ; 1
Организация ; 1
Органы ; 1
Орденами ; 1
Османской ; 1
Основными ; 1
Основой ; 1
Оттепели ; 1
Павлов ; 1
Паспортную ; 1
Паульсом ; 1
Первейшей ; 1
Первенство ; 1
Первичные ; 1
Первое ; 1
Первую ; 1
Переговоры ; 1
Перов ; 1
Перовская ; 1
Пестеля ; 1
Петербург ; 1
Петербурга ; 1
Петрова ; 1
Петроград ; 1
Петром ; 1
Победы ; 1
Под ; 1
Поддерживать ; 1
Подушная ; 1
Полет ; 1
Политбюро ; 1
Политический ; 1
Польша ; 1
Польши ; 1
Попытку ; 1
Портсмутскому ; 1
Последствия ; 1
Посполитая ; 1
Правитель ; 1
Право ; 1
Правового ; 1
Превращения ; 1
Председателем ; 1
Председатель ; 1
Представителем ; 1
Президент ; 1
Приватизация ; 1
Приднестровская ; 1
Принятие ; 1
Приоритетной ; 1
Программой ; 1
Продразверстка ; 1
Пролеткульт ; 1
Пролеткульта ; 1
Просвещение ; 1
Противостояние ; 1
Пруссией ; 1
Пскова ; 1
Пугачев ; 1
Пугачева ; 1
Путин ; 1
Пушкин ; 1
Р ; 1
РКП ; 1
РТ ; 1
Работа ; 1
Радикальные ; 1
Радищев ; 1
Развертывание ; 1
Развитие ; 1
Разгром ; 1
Разин ; 1
Разоблачение ; 1
Разъединяло ; 1
Раскулачивание ; 1
Распад ; 1
Растрелли ; 1
Революционное ; 1
Результатами ; 1
Рейгана ; 1
Рейкьявике ; 1
Реформы ; 1
Речь ; 1
Решительное ; 1
Риббентропа ; 1
Римом ; 1
Римский ; 1
Римской ; 1
Рокоссовский ; 1
Российская ; 1
Рублев ; 1
Румыния ; 1
Русскую ; 1
Русь ; 1
Рыков ; 1
Рюриком ; 1
Сведения ; 1
Свердлов ; 1
Своебразное ; 1
Святейшего ; 1
Святой ; 1
Святослав ; 1
Святославом ; 1
Северной ; 1
Секретный ; 1
Сербии ; 1
Серов ; 1
Синод ; 1
Синода ; 1
Система ; 1
Скандинавии ; 1
Слияние ; 1
Смена ; 1
Смоленском ; 1
Собор ; 1
Собрание ; 1
Советский ; 1
Советским ; 1
Советском ; 1
Советскому ; 1
Содружества ; 1
Созыв ; 1
Солженицын ; 1
Составной ; 1
Состояние ; 1
Социальная ; 1
Союза ; 1
Союзе ; 1
Союзниками ; 1
Союзного ; 1
Союзом ; 1
Союзу ; 1
Сперанский ; 1
Сперанским ; 1
Средней ; 1
Ставки ; 1
Сталинград ; 1
Сталинградской ; 1
Стаханов ; 1
Степан ; 1
Столыпина ; 1
Столыпинская ; 1
Сторонники ; 1
Татарстан ; 1
Татищев ; 1
Тверского ; 1
Тегеранская ; 1
Тимирязев ; 1
Тип ; 1
Ткачев ; 1
Тойнби ; 1
Толли ; 1
Толстой ; 1
Томский ; 1
Третьеиюньский ; 1
Три ; 1
Троцкого ; 1
Трумэна ; 1
Туполев ; 1
Турции ; 1
Турция ; 1
Тухачевский ; 1
УССР ; 1
Указ ; 1
Украина ; 1
Уложение ; 1
Уложенная ; 1
Уложенной ; 1
Умеренно ; 1
Университетский ; 1
Упразднение ; 1
Урал ; 1
Уровень ; 1
Усиление ; 1
Условия ; 1
Уставная ; 1
Ухудшение ; 1
Участие ; 1
Участники ; 1
Фактор ; 1
Феврале ; 1
Февральская ; 1
Федеральное ; 1
Федеральные ; 1
Федеральных ; 1
Федеративного ; 1
Федерация ; 1
Федорович ; 1
Финляндии ; 1
Финская ; 1
Фиорованти ; 1
Флота ; 1
Фрунзе ; 1
Функции ; 1
ХI ; 1
ХIX ; 1
ХIХ ; 1
ХV ; 1
ХVII ; 1
Хазарский ; 1
Ханко ; 1
Характерными ; 1
Хасан ; 1
Хельсинки ; 1
Ход ; 1
Христианство ; 1
Хрущев ; 1
Хрущевской ; 1
Чайковский ; 1
Чернобыльская ; 1
Чернобыльской ; 1
Черномырдин ; 1
Черносотенно ; 1
Чернышевский ; 1
Чехов ; 1
Чехословакией ; 1
Чехословацкой ; 1
Чингисхана ; 1
Чубайс ; 1
Шаляпин ; 1
Шахтинскому ; 1
Швецией ; 1
Шоковая ; 1
Шостакович ; 1
Шпенглер ; 1
Шубин ; 1
Шуйский ; 1
Шукшин ; 1
Эвакуация ; 1
Эйзенштейн ; 1
Экономической ; 1
Эпоха ; 1
Эстония ; 1
Эти ; 1
Этот ; 1
Юрий ; 1
Юрия ; 1
Я ; 1
Яковлев ; 1
Япония ; 1
Ярослав ; 1
абсолютизм ; 1
абсолютистские ; 1
абсолютной ; 1
август ; 1
августу ; 1
австрийского ; 1
автоматической ; 1
автономизации ; 1
автономные ; 1
автономными ; 1
автором ; 1
аграрная ; 1
аграрную ; 1
аграрный ; 1
агрессии ; 1
агрессора ; 1
административная ; 1
аксеологическая ; 1
акт ; 1
акта ; 1
активизировало ; 1
активно ; 1
активную ; 1
актов ; 1
алкоголя ; 1
альтернативы ; 1
амбиции ; 1
амнистии ; 1
амнистию ; 1
анализе ; 1
анкетирование ; 1
аннексий ; 1
антикоминтерновский ; 1
антиправительственных ; 1
антирусских ; 1
антисоветских ; 1
апреле ; 1
апреля ; 1
аренды ; 1
арене ; 1
армия ; 1
архитекторы ; 1
атомный ; 1
базируется ; 1
бактериологическую ; 1
банка ; 1
батракам ; 1
берлинской ; 1
беспросветное ; 1
биполярная ; 1
биполярного ; 1
благодаря ; 1
благонадежности ; 1
близость ; 1
блок ; 1
блокады ; 1
блоки ; 1
блокироваться ; 1
блоков ; 1
боевыми ; 1
боеспособной ; 1
большие ; 1
бороться ; 1
борьбой ; 1
борьбу ; 1
боярского ; 1
будет ; 1
буржуазии ; 1
буржуазных ; 1
бы ; 1
бывшая ; 1
бывшими ; 1
быстрыми ; 1
важнейшими ; 1
важное ; 1
важной ; 1
важными ; 1
валового ; 1
вариант ; 1
варианты ; 1
варягами ; 1
варягов ; 1
ваучерной ; 1
введенный ; 1
введено ; 1
введены ; 1
ввода ; 1
ввозящей ; 1
ведение ; 1
ведущий ; 1
ведущую ; 1
век ; 1
веке ; 1
веков ; 1
веком ; 1
веку ; 1
вела ; 1
великих ; 1
велись ; 1
вердикт ; 1
верит ; 1
вернул ; 1
вернулись ; 1
верный ; 1
веры ; 1
вести ; 1
вечевые ; 1
взаимовлияние ; 1
взаимовлиянии ; 1
взаимодействие ; 1
взаимодействии ; 1
взаимоотношения ; 1
взглядами ; 1
взрывов ; 1
взят ; 1
взятие ; 1
взятия ; 1
видения ; 1
видные ; 1
вине ; 1
виновности ; 1
вклад ; 1
владельцев ; 1
владение ; 1
владения ; 1
властных ; 1
властью ; 1
влиять ; 1
внесших ; 1
внимания ; 1
внутреннего ; 1
внутренней ; 1
внутренний ; 1
воду ; 1
военизированными ; 1
военная ; 1
военную ; 1
военным ; 1
возвращалась ; 1
возвращение ; 1
воззвании ; 1
возможного ; 1
возможность ; 1
возможные ; 1
возникновение ; 1
возникновением ; 1
возникшие ; 1
возобновить ; 1
возрастание ; 1
воинская ; 1
волнений ; 1
вольных ; 1
волю ; 1
вооруженная ; 1
вооруженных ; 1
вопрос ; 1
вопросе ; 1
воскресения ; 1
восстание ; 1
восстанием ; 1
восстанию ; 1
восстановить ; 1
восстановление ; 1
восстановлению ; 1
восстановления ; 1
восточные ; 1
вотчина ; 1
вошел ; 1
вошла ; 1
вошли ; 1
вошло ; 1
вплоть ; 1
времена ; 1
временное ; 1
всем ; 1
всеми ; 1
всему ; 1
всенародным ; 1
всенародных ; 1
всеобщая ; 1
всеобщей ; 1
всеобщему ; 1
всеобщий ; 1
всея ; 1
встретились ; 1
встреча ; 1
вступили ; 1
вступления ; 1
второго ; 1
входят ; 1
вхождения ; 1
выборах ; 1
выборность ; 1
выборные ; 1
выбран ; 1
вывели ; 1
вывести ; 1
вывод ; 1
вывоз ; 1
вывоза ; 1
выдвинули ; 1
выдвинутая ; 1
выдвинутой ; 1
выделите ; 1
выкуп ; 1
вылившееся ; 1
выносили ; 1
выполнен ; 1
выполняли ; 1
выпуску ; 1
выработке ; 1
выражала ; 1
выражают ; 1
высказывалось ; 1
высоких ; 1
выступившие ; 1
выступила ; 1
выступить ; 1
высшей ; 1
высшему ; 1
высшую ; 1
выход ; 1
вышли ; 1
гайдаровские ; 1
гарантом ; 1
где ; 1
генерал ; 1
географически ; 1
географических ; 1
германские ; 1
германских ; 1
героев ; 1
герои ; 1
гибелью ; 1
гимназии ; 1
гитлеровское ; 1
гитлеровской ; 1
главное ; 1
главную ; 1
главой ; 1
гласности ; 1
гласность ; 1
глобальная ; 1
гнезда ; 1
голод ; 1
голоса ; 1
голосованием ; 1
гонений ; 1
гонения ; 1
горах ; 1
городская ; 1
городской ; 1
государстве ; 1
государственные ; 1
государственных ; 1
государством ; 1
государству ; 1
готовности ; 1
гражданам ; 1
гражданин ; 1
гражданина ; 1
грамота ; 1
грани ; 1
границ ; 1
границу ; 1
групп ; 1
группировки ; 1
губернских ; 1
дала ; 1
дали ; 1
дальневосточном ; 1
дальности ; 1
дат ; 1
даты ; 1
дают ; 1
дающая ; 1
два ; 1
дворянства ; 1
дворянство ; 1
де ; 1
действительности ; 1
действиями ; 1
декабрь ; 1
деканов ; 1
декреты ; 1
делает ; 1
делегации ; 1
делегациями ; 1
делу ; 1
демократизацию ; 1
демократизация ; 1
демократический ; 1
демократическим ; 1
демократической ; 1
демократическую ; 1
демократы ; 1
денационализация ; 1
денежную ; 1
деньги ; 1
державу ; 1
десятилетие ; 1
десятилетиям ; 1
десятин ; 1
детей ; 1
детях ; 1
диалектико ; 1
диалектический ; 1
дивизию ; 1
диктатуру ; 1
дикую ; 1
диссидентами ; 1
диссидентского ; 1
дисциплину ; 1
добровольности ; 1
доброго ; 1
довоенного ; 1
довоенной ; 1
договору ; 1
договоры ; 1
доктрина ; 1
доктрины ; 1
документ ; 1
должность ; 1
долинах ; 1
долю ; 1
достиг ; 1
достигнуть ; 1
достигшей ; 1
достижения ; 1
достоянием ; 1
древнерусской ; 1
другие ; 1
другой ; 1
другому ; 1
думского ; 1
думу ; 1
духовном ; 1
духовности ; 1
духовную ; 1
духовные ; 1
еврейской ; 1
европеизации ; 1
европейского ; 1
европейской ; 1
единая ; 1
единицу ; 1
единого ; 1
единое ; 1
единоначалия ; 1
единства ; 1
единственную ; 1
еще ; 1
её ; 1
жандармов ; 1
ждать ; 1
железобетонных ; 1
женское ; 1
жизнь ; 1
жизнью ; 1
жилищной ; 1
журналах ; 1
забастовки ; 1
завершения ; 1
завершенной ; 1
завершившаяся ; 1
завершилась ; 1
зависимость ; 1
завоевания ; 1
закладыванию ; 1
заключен ; 1
заключенных ; 1
закона ; 1
законности ; 1
законодательная ; 1
законодательный ; 1
законодательных ; 1
законом ; 1
закреплены ; 1
закрепощение ; 1
закрепощения ; 1
закупкой ; 1
замена ; 1
замене ; 1
замену ; 1
занималось ; 1
занял ; 1
западника ; 1
западничества ; 1
западной ; 1
западный ; 1
западными ; 1
запрещена ; 1
запущен ; 1
заработной ; 1
зарождается ; 1
заседаниях ; 1
заседатели ; 1
затем ; 1
зафиксировала ; 1
захватническую ; 1
защитить ; 1
защиту ; 1
земельного ; 1
земле ; 1
землевладения ; 1
землепользования ; 1
земли ; 1
земской ; 1
зерна ; 1
знание ; 1
значение ; 1
знающим ; 1
золотое ; 1
золотом ; 1
золотоордынской ; 1
зрелой ; 1
зрения ; 1
играли ; 1
идеалы ; 1
идеологическую ; 1
избирателей ; 1
избирательного ; 1
избрание ; 1
известны ; 1
излишки ; 1
изменение ; 1
изменением ; 1
изменился ; 1
изучение ; 1
или ; 1
имел ; 1
имели ; 1
имело ; 1
имен ; 1
именами ; 1
именем ; 1
именуемый ; 1
императора ; 1
императоров ; 1
императором ; 1
империализм ; 1
империалистической ; 1
империей ; 1
импульс ; 1
инакомыслящими ; 1
индивидуализм ; 1
индустриально ; 1
индустриальное ; 1
индустриальную ; 1
инициативой ; 1
инициативы ; 1
иностранной ; 1
иностранным ; 1
интегрировать ; 1
интервенцией ; 1
иные ; 1
иранских ; 1
искусства ; 1
искусственного ; 1
искусственный ; 1
исламском ; 1
испытание ; 1
испытательных ; 1
исследование ; 1
исследованию ; 1
исследования ; 1
исторический ; 1
историческом ; 1
история ; 1
источника ; 1
источники ; 1
источников ; 1
итог ; 1
июне ; 1
июнь ; 1
й ; 1
каждый ; 1
казаков ; 1
казенных ; 1
казни ; 1
каких ; 1
кампания ; 1
канцелярии ; 1
капитал ; 1
капиталов ; 1
капитуляцией ; 1
карточной ; 1
касался ; 1
катастрофа ; 1
католическим ; 1
католическими ; 1
качестве ; 1
качественное ; 1
классики ; 1
классов ; 1
классовые ; 1
классовый ; 1
классовыми ; 1
классы ; 1
климате ; 1
княжение ; 1
князей ; 1
князем ; 1
князю ; 1
князя ; 1
кодификация ; 1
коллективизации ; 1
коллективизация ; 1
коллективизм ; 1
колониальной ; 1
колонизировать ; 1
колоний ; 1
комиссаров ; 1
комиссии ; 1
комиссия ; 1
коммунизм ; 1
композиторы ; 1
конcтитуционная ; 1
конкретные ; 1
конный ; 1
конституции ; 1
конституционная ; 1
конституционной ; 1
конституция ; 1
конструкторы ; 1
контрибуций ; 1
контроля ; 1
контрреволюции ; 1
конференции ; 1
конференция ; 1
конфессионального ; 1
конфессиональной ; 1
конфликте ; 1
конфронтации ; 1
концепций ; 1
концепция ; 1
кооперирования ; 1
корниловского ; 1
корпус ; 1
космополитизма ; 1
космополитизмом ; 1
космоса ; 1
космосе ; 1
коснувшаяся ; 1
которым ; 1
которых ; 1
крайне ; 1
крепости ; 1
крепостнический ; 1
крепостные ; 1
крепостных ; 1
крестьянам ; 1
крестьянского ; 1
крестьянства ; 1
крестьянством ; 1
критика ; 1
критиковать ; 1
критикующее ; 1
критической ; 1
кровавого ; 1
кровью ; 1
кружка ; 1
крупной ; 1
крупные ; 1
крупным ; 1
крупных ; 1
крушение ; 1
кто ; 1
кулакам ; 1
кулацких ; 1
кулачество ; 1
кулачеством ; 1
культ ; 1
курировал ; 1
кучеров ; 1
ла ; 1
лавочников ; 1
лад ; 1
латифундия ; 1
левых ; 1
легкая ; 1
ледокол ; 1
ленинский ; 1
лет ; 1
лета ; 1
летом ; 1
ли ; 1
либерализации ; 1
либерализация ; 1
либеральная ; 1
либеральные ; 1
либо ; 1
лидеры ; 1
ликвидации ; 1
ликвидировал ; 1
ликвидировано ; 1
литераторами ; 1
литература ; 1
литературе ; 1
личностей ; 1
личную ; 1
лишний ; 1
лозунгу ; 1
лся ; 1
лучше ; 1
любых ; 1
людям ; 1
м ; 1
максимальной ; 1
маловероятной ; 1
малограмотности ; 1
малой ; 1
манифеста ; 1
мануфактуры ; 1
март ; 1
массового ; 1
массовое ; 1
массовых ; 1
материалистической ; 1
материалов ; 1
материальной ; 1
матросы ; 1
машинному ; 1
машины ; 1
межнациональные ; 1
межпланетной ; 1
мелких ; 1
меньшевиками ; 1
меньшевики ; 1
меньшей ; 1
мерам ; 1
мероприятия ; 1
мероприятиям ; 1
местное ; 1
место ; 1
месяцев ; 1
методология ; 1
методы ; 1
милитаристской ; 1
министерская ; 1
мир ; 1
мирного ; 1
мирные ; 1
мирового ; 1
мировоззрение ; 1
мировоззренческая ; 1
мировом ; 1
мнения ; 1
многих ; 1
многовековой ; 1
многообразии ; 1
модели ; 1
модель ; 1
можно ; 1
молниеносный ; 1
момента ; 1
монархией ; 1
монархическая ; 1
монархию ; 1
монастырских ; 1
монгольских ; 1
монеты ; 1
монополии ; 1
монополий ; 1
монополистического ; 1
морские ; 1
московскими ; 1
мощный ; 1
мужчин ; 1
мышление ; 1
мятеж ; 1
набирает ; 1
наделенный ; 1
наделены ; 1
наделы ; 1
наделённой ; 1
надеялись ; 1
надеялось ; 1
названий ; 1
назначен ; 1
называли ; 1
найма ; 1
налог ; 1
налоги ; 1
нам ; 1
намеревалась ; 1
намеревались ; 1
наместниками ; 1
намечалось ; 1
нанести ; 1
нападении ; 1
нападению ; 1
направили ; 1
направлена ; 1
направление ; 1
направлением ; 1
направлении ; 1
направленная ; 1
направленный ; 1
направленным ; 1
напряженности ; 1
наркомом ; 1
народ ; 1
народники ; 1
народников ; 1
народного ; 1
народному ; 1
народности ; 1
народовольцы ; 1
нарушением ; 1
наследника ; 1
наследственной ; 1
настоящую ; 1
настроений ; 1
наступательной ; 1
наступательные ; 1
наступательных ; 1
наступление ; 1
наступлению ; 1
наступления ; 1
натурализация ; 1
наука ; 1
науке ; 1
научно ; 1
нацелена ; 1
наций ; 1
национализацию ; 1
национально ; 1
национальной ; 1
национальные ; 1
национальный ; 1
началом ; 1
начался ; 1
начальников ; 1
начальном ; 1
начальному ; 1
начатая ; 1
начатой ; 1
нашей ; 1
нашествие ; 1
небольшого ; 1
невиновности ; 1
невмешательства ; 1
неграмотности ; 1
недели ; 1
недовольства ; 1
нейтралитете ; 1
нейтральный ; 1
нельзя ; 1
немецких ; 1
необходимости ; 1
неповторимости ; 1
неравенства ; 1
неравномерное ; 1
неравномерность ; 1
нерешенные ; 1
нерушимости ; 1
несправедливые ; 1
неудач ; 1
нефть ; 1
низложении ; 1
ничем ; 1
но ; 1
новое ; 1
номенклатуры ; 1
норманнской ; 1
нормах ; 1
носило ; 1
ноября ; 1
нумизматика ; 1
обвиняемого ; 1
обвинялись ; 1
обеспечение ; 1
обеспечению ; 1
обеспеченную ; 1
обеспечил ; 1
обеспечили ; 1
обещано ; 1
обладал ; 1
области ; 1
обмен ; 1
обновление ; 1
обобщение ; 1
оборонной ; 1
обороны ; 1
оборудование ; 1
обоснованного ; 1
обрабатывает ; 1
образован ; 1
образовании ; 1
образованию ; 1
обратилось ; 1
обстановки ; 1
обсуждали ; 1
обсуждался ; 1
обсуждении ; 1
общегражданские ; 1
общемирового ; 1
общенациональным ; 1
обществе ; 1
общественно ; 1
общественной ; 1
общефедеральной ; 1
общечеловеческих ; 1
общие ; 1
общий ; 1
объединению ; 1
объединения ; 1
объединивший ; 1
объективного ; 1
объективном ; 1
объявила ; 1
объявили ; 1
объявление ; 1
объявления ; 1
обязательному ; 1
ограждение ; 1
ограничение ; 1
ограниченную ; 1
ограничить ; 1
одно ; 1
одновременно ; 1
одного ; 1
одностороннем ; 1
одобрения ; 1
оживления ; 1
озера ; 1
ознаменовала ; 1
означал ; 1
оказавшиеся ; 1
оказалась ; 1
оказался ; 1
окладах ; 1
окончания ; 1
окончательном ; 1
округа ; 1
округов ; 1
октябре ; 1
октябристов ; 1
октябристы ; 1
октябрьских ; 1
олигархии ; 1
он ; 1
она ; 1
они ; 1
опасность ; 1
опасностью ; 1
опередил ; 1
опережение ; 1
опирающуюся ; 1
оплате ; 1
оповестил ; 1
опора ; 1
оппозиция ; 1
определений ; 1
определенной ; 1
определял ; 1
определяла ; 1
определяются ; 1
определённую ; 1
опричного ; 1
опрос ; 1
опыта ; 1
органа ; 1
организаций ; 1
органы ; 1
освободителя ; 1
освобождались ; 1
освоение ; 1
освоения ; 1
ослабления ; 1
осложнение ; 1
основана ; 1
основанное ; 1
основного ; 1
основном ; 1
основным ; 1
основополагающие ; 1
основывающаяся ; 1
остановить ; 1
остаточному ; 1
островах ; 1
осужден ; 1
осуждение ; 1
отделение ; 1
отделения ; 1
отдельного ; 1
отечестве ; 1
отечественных ; 1
откажутся ; 1
отказ ; 1
отказа ; 1
отказалось ; 1
отказался ; 1
открыли ; 1
открыт ; 1
отложить ; 1
отменила ; 1
отменить ; 1
относительного ; 1
относящееся ; 1
отношение ; 1
отношению ; 1
отношения ; 1
отодвинуть ; 1
отозвали ; 1
отошедшие ; 1
отражают ; 1
отражении ; 1
отразилось ; 1
отраслей ; 1
отраслями ; 1
отраслях ; 1
отрекся ; 1
отречения ; 1
отставки ; 1
отстранить ; 1
отсутствие ; 1
официальной ; 1
оформившие ; 1
оформлен ; 1
оформление ; 1
охватившая ; 1
охоту ; 1
оценку ; 1
очага ; 1
падала ; 1
падением ; 1
пакт ; 1
парламента ; 1
партию ; 1
партиям ; 1
пата ; 1
патриаршества ; 1
первоначально ; 1
первый ; 1
первым ; 1
первыми ; 1
переводивших ; 1
переводу ; 1
переговорах ; 1
переговоры ; 1
перед ; 1
передать ; 1
передаче ; 1
передел ; 1
передовиков ; 1
перемены ; 1
переплетение ; 1
переходе ; 1
переходу ; 1
периоде ; 1
персонификация ; 1
петрашевцы ; 1
печати ; 1
письменные ; 1
планировало ; 1
планирование ; 1
платы ; 1
племен ; 1
плен ; 1
площадью ; 1
победа ; 1
поведение ; 1
поверхности ; 1
повлиял ; 1
повлёк ; 1
поводом ; 1
повсеместно ; 1
повсеместным ; 1
повторный ; 1
повысился ; 1
повышении ; 1
податных ; 1
подать ; 1
подвергались ; 1
подверглось ; 1
подготовка ; 1
подготовку ; 1
подготовленные ; 1
поддержали ; 1
поддерживать ; 1
поддержки ; 1
подобных ; 1
подобраны ; 1
подписание ; 1
подписанного ; 1
подписанный ; 1
подписаны ; 1
подталкивая ; 1
подхода ; 1
подъема ; 1
позволил ; 1
позволило ; 1
позже ; 1
позиций ; 1
познавательная ; 1
познавательной ; 1
познания ; 1
показали ; 1
покровителей ; 1
полет ; 1
политике ; 1
политикой ; 1
политическими ; 1
полно ; 1
полного ; 1
полностью ; 1
полнота ; 1
полные ; 1
полный ; 1
положение ; 1
положений ; 1
полуострове ; 1
получивший ; 1
получила ; 1
получили ; 1
получило ; 1
пользование ; 1
пользу ; 1
пользуется ; 1
польского ; 1
поместное ; 1
помещика ; 1
помещиков ; 1
помещиком ; 1
помещичьего ; 1
помещичьи ; 1
понимание ; 1
понятия ; 1
поощрение ; 1
поощрения ; 1
поручению ; 1
порядке ; 1
порядки ; 1
посадников ; 1
поселений ; 1
послевоенной ; 1
послевоенную ; 1
послевоенные ; 1
послевоенных ; 1
последовательное ; 1
последовать ; 1
последствием ; 1
последствиям ; 1
посредством ; 1
постановлению ; 1
построения ; 1
посту ; 1
потерпели ; 1
потеряла ; 1
потребления ; 1
почвенника ; 1
пошел ; 1
поэты ; 1
появления ; 1
правильное ; 1
правительству ; 1
правителя ; 1
правовым ; 1
правовых ; 1
православие ; 1
православной ; 1
православную ; 1
правый ; 1
празднование ; 1
прачек ; 1
пребывания ; 1
превратить ; 1
превращении ; 1
превращения ; 1
предвидеть ; 1
предводительством ; 1
предвыборная ; 1
предлагаемых ; 1
предложений ; 1
предложенной ; 1
предложил ; 1
предметов ; 1
предметом ; 1
предметы ; 1
предоставила ; 1
предоставление ; 1
предполагал ; 1
предпринял ; 1
председателем ; 1
представителей ; 1
представлена ; 1
представлений ; 1
предусматривала ; 1
предусматривало ; 1
прежде ; 1
президента ; 1
президентом ; 1
президентских ; 1
преимущественного ; 1
прекратить ; 1
прекращение ; 1
прекращению ; 1
прекращения ; 1
преобладающий ; 1
преобразование ; 1
преобразованиям ; 1
преобразовательной ; 1
приватизационный ; 1
привели ; 1
привело ; 1
привлечение ; 1
призвавшие ; 1
призванием ; 1
признаками ; 1
признания ; 1
признать ; 1
призывом ; 1
примеру ; 1
принадлежит ; 1
принимал ; 1
принимать ; 1
принципа ; 1
принципе ; 1
принципов ; 1
принципы ; 1
принявший ; 1
принял ; 1
принятая ; 1
принятием ; 1
принятое ; 1
принятой ; 1
приняты ; 1
принятых ; 1
приобретения ; 1
приобщение ; 1
приоритета ; 1
приоритетное ; 1
природе ; 1
природных ; 1
присоединение ; 1
присоединены ; 1
пристрастий ; 1
присяжные ; 1
прихода ; 1
причин ; 1
причинам ; 1
причине ; 1
причиной ; 1
пришедшими ; 1
проблем ; 1
проведена ; 1
проведении ; 1
проводившейся ; 1
проводила ; 1
проводилась ; 1
проводимым ; 1
проводит ; 1
провозгласить ; 1
провозглашена ; 1
прогностическая ; 1
программа ; 1
программной ; 1
программу ; 1
программы ; 1
прогрессе ; 1
продукта ; 1
проекту ; 1
производственных ; 1
производящих ; 1
производящую ; 1
произошедшее ; 1
происхождение ; 1
пролетариат ; 1
пролетариата ; 1
пролетарских ; 1
пролетарской ; 1
промышленные ; 1
просветительских ; 1
просвещения ; 1
прославленных ; 1
просьбой ; 1
протекторат ; 1
протекционизм ; 1
противниками ; 1
противники ; 1
противоборству ; 1
противоречие ; 1
противостоявших ; 1
противостояние ; 1
протокол ; 1
профессоров ; 1
процесса ; 1
процессам ; 1
прошлом ; 1
прусский ; 1
прусскому ; 1
птенцы ; 1
путем ; 1
пути ; 1
пяти ; 1
пятилетке ; 1
пятилетку ; 1
пятилетнего ; 1
пятилетние ; 1
пятилеток ; 1
работу ; 1
рабочей ; 1
равенство ; 1
равноправие ; 1
равноправия ; 1
радиуса ; 1
разбирательства ; 1
разведкам ; 1
развернутому ; 1
развивалась ; 1
развивали ; 1
развивалось ; 1
разгорится ; 1
разграничении ; 1
разгроме ; 1
разгромлен ; 1
разделу ; 1
различные ; 1
различных ; 1
размер ; 1
размещения ; 1
разных ; 1
разоблачен ; 1
разоблачения ; 1
разработан ; 1
разработку ; 1
разрешение ; 1
разрешило ; 1
разруха ; 1
разрушение ; 1
разрушению ; 1
разрушенное ; 1
разума ; 1
районы ; 1
раннефеодальную ; 1
раньше ; 1
расколол ; 1
раскулачивание ; 1
распада ; 1
располагались ; 1
расправой ; 1
распространения ; 1
распускаем ; 1
распустить ; 1
распущено ; 1
рассматривать ; 1
рассмотрении ; 1
реальная ; 1
реальности ; 1
революций ; 1
революционные ; 1
революционных ; 1
революция ; 1
регионы ; 1
регулярной ; 1
регулятивная ; 1
режим ; 1
режима ; 1
режимы ; 1
резиденции ; 1
резким ; 1
резко ; 1
результатов ; 1
рек ; 1
ректоров ; 1
религиозный ; 1
религию ; 1
рельсы ; 1
реорганизованы ; 1
репрессивной ; 1
репрессивных ; 1
репрессированные ; 1
репрессиям ; 1
республик ; 1
республика ; 1
республиками ; 1
республиканский ; 1
республиканскими ; 1
республиканской ; 1
республикой ; 1
реставрации ; 1
реставрация ; 1
реформе ; 1
решающее ; 1
решающей ; 1
решению ; 1
решения ; 1
решил ; 1
решило ; 1
розничным ; 1
роспуск ; 1
российский ; 1
российских ; 1
российской ; 1
российскую ; 1
ростом ; 1
рубеж ; 1
рубля ; 1
руководителей ; 1
руководитель ; 1
руководителями ; 1
руководящей ; 1
русская ; 1
русский ; 1
ручного ; 1
рынке ; 1
рынок ; 1
рыночных ; 1
ряд ; 1
рядовых ; 1
рядом ; 1
саботировали ; 1
самиздат ; 1
самим ; 1
самобытность ; 1
самодержавием ; 1
самодержавно ; 1
самодержавного ; 1
самодержавный ; 1
самодержца ; 1
самоотверженности ; 1
самостоятельного ; 1
самостоятельность ; 1
самоуправление ; 1
самоуправления ; 1
самую ; 1
самых ; 1
сахара ; 1
сближение ; 1
сведения ; 1
свертывания ; 1
сверхдержаву ; 1
сверху ; 1
светской ; 1
свидетельствовал ; 1
свидетельствовала ; 1
свободах ; 1
свободным ; 1
свободолюбия ; 1
свободу ; 1
свои ; 1
своих ; 1
свыше ; 1
связи ; 1
сговор ; 1
сдавать ; 1
сделала ; 1
сделан ; 1
сделано ; 1
севере ; 1
сектор ; 1
сектора ; 1
сельским ; 1
сельского ; 1
сельскохозяйственной ; 1
сельхозпродукцию ; 1
семьи ; 1
сентябре ; 1
середняков ; 1
силовых ; 1
сильно ; 1
системе ; 1
ситуации ; 1
скачкообразное ; 1
складываться ; 1
слабая ; 1
слабое ; 1
славянофильства ; 1
следствием ; 1
следующие ; 1
следующих ; 1
слежкой ; 1
сложившихся ; 1
сложились ; 1
сложилось ; 1
случае ; 1
сменой ; 1
смены ; 1
смертной ; 1
снизить ; 1
снизу ; 1
снять ; 1
собранию ; 1
собственной ; 1
собственными ; 1
событием ; 1
события ; 1
совершить ; 1
совета ; 1
советская ; 1
совещанием ; 1
совещательными ; 1
совместимым ; 1
совнархозы ; 1
совокупность ; 1
соглашение ; 1
соглашения ; 1
содержала ; 1
содержит ; 1
созвана ; 1
созвать ; 1
создали ; 1
создана ; 1
созданием ; 1
создания ; 1
созданной ; 1
созданные ; 1
созданы ; 1
создать ; 1
сознании ; 1
созыв ; 1
созыва ; 1
сокращение ; 1
солдаты ; 1
соответствие ; 1
соперничество ; 1
сопровождался ; 1
сопротивление ; 1
сорвать ; 1
сословий ; 1
сословия ; 1
сословно ; 1
сосредоточена ; 1
составлявшие ; 1
состоит ; 1
состоялось ; 1
состязательности ; 1
сосуществование ; 1
сосуществования ; 1
сотрудничества ; 1
социализму ; 1
социалистического ; 1
социального ; 1
социальной ; 1
социальную ; 1
социальных ; 1
сочетании ; 1
союз ; 1
союза ; 1
союзе ; 1
союзники ; 1
союзников ; 1
спасла ; 1
список ; 1
способ ; 1
способствовавший ; 1
способствовал ; 1
способствующая ; 1
способы ; 1
справедливые ; 1
спутник ; 1
спутника ; 1
спущенный ; 1
сражалась ; 1
сражение ; 1
среди ; 1
среднего ; 1
средней ; 1
средства ; 1
сроком ; 1
срочно ; 1
срыв ; 1
ссуд ; 1
стабилизации ; 1
ставила ; 1
ставилось ; 1
становления ; 1
станции ; 1
старые ; 1
статьи ; 1
стачки ; 1
стены ; 1
стимулирования ; 1
столицей ; 1
столкновение ; 1
столыпинской ; 1
стороне ; 1
сторонниками ; 1
страна ; 1
стратегическим ; 1
стратегической ; 1
стремилась ; 1
строительства ; 1
строительство ; 1
строить ; 1
строя ; 1
структурами ; 1
структуру ; 1
субъектов ; 1
суда ; 1
судебного ; 1
судетской ; 1
судьбе ; 1
сузил ; 1
существовала ; 1
существующего ; 1
существующие ; 1
сфер ; 1
сфера ; 1
сферах ; 1
сформировалась ; 1
сформировался ; 1
сформулированная ; 1
сходные ; 1
считал ; 1
считать ; 1
съезда ; 1
сыграли ; 1
т ; 1
такого ; 1
танковое ; 1
твердую ; 1
тезисах ; 1
текстильного ; 1
темное ; 1
темпам ; 1
темпами ; 1
темпов ; 1
тенденции ; 1
теоретико ; 1
теории ; 1
теория ; 1
термоядерного ; 1
территориальному ; 1
террор ; 1
террора ; 1
терроризмом ; 1
террористических ; 1
техники ; 1
технического ; 1
технической ; 1
техническую ; 1
технологий ; 1
течение ; 1
течении ; 1
тип ; 1
типа ; 1
титул ; 1
товары ; 1
тому ; 1
топонимика ; 1
торговле ; 1
тот ; 1
тоталитарный ; 1
точки ; 1
точкой ; 1
требования ; 1
третьего ; 1
трех ; 1
трехсотлетия ; 1
трехстороннего ; 1
трудовики ; 1
тур ; 1
тысяцких ; 1
тюркских ; 1
тяжелая ; 1
тяжелой ; 1
у ; 1
убеждении ; 1
убивший ; 1
убийство ; 1
убили ; 1
углублением ; 1
угро ; 1
удвоение ; 1
удельное ; 1
удельных ; 1
удовлетворили ; 1
удостоверяющий ; 1
уездных ; 1
уже ; 1
ужесточением ; 1
узаконило ; 1
указа ; 1
указанные ; 1
уклон ; 1
уклона ; 1
укрепить ; 1
укрепления ; 1
уложение ; 1
улучшение ; 1
умеренная ; 1
умышленно ; 1
университетов ; 1
уничтожения ; 1
уничтожить ; 1
упадку ; 1
упор ; 1
упорядочивший ; 1
управление ; 1
упразднение ; 1
уравнительного ; 1
уравнительность ; 1
уровень ; 1
уровне ; 1
уровней ; 1
усилило ; 1
усилился ; 1
ускорение ; 1
ускорения ; 1
условий ; 1
условия ; 1
условиях ; 1
успешных ; 1
устав ; 1
установилась ; 1
установился ; 1
установить ; 1
установка ; 1
установлением ; 1
установок ; 1
утверждала ; 1
утверждении ; 1
утверждений ; 1
утвержденного ; 1
утра ; 1
участием ; 1
участковых ; 1
участники ; 1
участниц ; 1
учебу ; 1
учитывает ; 1
учитывать ; 1
учитывающих ; 1
учреждений ; 1
фабрикам ; 1
фактически ; 1
фактор ; 1
факторов ; 1
фанатизм ; 1
фашистского ; 1
фашистской ; 1
феврале ; 1
федеральной ; 1
федеральными ; 1
федеративный ; 1
федеративным ; 1
фельдмаршалом ; 1
физиков ; 1
финансировалась ; 1
финансирования ; 1
финансово ; 1
финансовой ; 1
финская ; 1
финских ; 1
флота ; 1
фонда ; 1
форм ; 1
форма ; 1
формах ; 1
формирование ; 1
формирования ; 1
формирующая ; 1
формой ; 1
форму ; 1
формула ; 1
форсированное ; 1
фраза ; 1
фронт ; 1
фронта ; 1
фронте ; 1
фронту ; 1
функцией ; 1
функции ; 1
функционирование ; 1
функциями ; 1
характер ; 1
характеризовалась ; 1
характеризует ; 1
характеризуют ; 1
характеризующее ; 1
характеристикам ; 1
хлебопашцах ; 1
хозрасчета ; 1
хозяйственной ; 1
хозяйственные ; 1
хозяйством ; 1
холодная ; 1
холодной ; 1
хотели ; 1
хотелось ; 1
христианство ; 1
хронологический ; 1
художники ; 1
хуторов ; 1
царской ; 1
царствований ; 1
царь ; 1
целинных ; 1
целое ; 1
целом ; 1
целями ; 1
ценам ; 1
цензуры ; 1
ценностей ; 1
ценности ; 1
централизацию ; 1
централизация ; 1
централизованного ; 1
централизовать ; 1
центрального ; 1
цены ; 1
церковь ; 1
цивилизационная ; 1
цивилизация ; 1
часов ; 1
частного ; 1
частный ; 1
чек ; 1
человека ; 1
человечества ; 1
чем ; 1
червонец ; 1
черты ; 1
четвертой ; 1
числа ; 1
числу ; 1
членов ; 1
чрезвычайный ; 1
чужой ; 1
чья ; 1
шаг ; 1
шагом ; 1
широкомасштабных ; 1
школы ; 1
шоковая ; 1
экономикой ; 1
экономическими ; 1
экономическом ; 1
эксплуататорских ; 1
электростанции ; 1
эмиграции ; 1
энергетического ; 1
энергоносителей ; 1
энтузиазму ; 1
эпохи ; 1
эсерами ; 1
этап ; 1
эти ; 1
этого ; 1
южное ; 1
юридически ; 1
юриспруденция ; 1
явилась ; 1
явился ; 1
явлением ; 1
явления ; 1
являлась ; 1
являлись ; 1
ядерную ; 1
ядерщиков ; 1
языка ; 1
января ; 1
ярлык ; 1
ясен ; 1